このリストに含められる投稿数は最大50件です,Unnamed: 1,Unnamed: 2,Unnamed: 3,Unnamed: 4,Unnamed: 5,Unnamed: 6
,,,,,,
投稿のURL,投稿の公開日,エンゲージメント数,,投稿のURL,投稿の公開日,インプレッション数
https://www.linkedin.com/feed/update/urn:li:activity:7387261803979829248,2025/10/23,186,,https://www.linkedin.com/feed/update/urn:li:activity:7387261803979829248,2025/10/23,33136
https://www.linkedin.com/feed/update/urn:li:activity:7388348969321525248,2025/10/26,152,,https://www.linkedin.com/feed/update/urn:li:activity:7391248047881555968,2025/11/3,27697
https://www.linkedin.com/feed/update/urn:li:activity:7382188254583812097,2025/10/9,142,,https://www.linkedin.com/feed/update/urn:li:activity:7382188254583812097,2025/10/9,20361
https://www.linkedin.com/feed/update/urn:li:activity:7387986808111833089,2025/10/25,131,,https://www.linkedin.com/feed/update/urn:li:activity:7385087381571428352,2025/10/17,14519
https://www.linkedin.com/feed/update/urn:li:activity:7386899610977386496,2025/10/22,128,,https://www.linkedin.com/feed/update/urn:li:activity:7387624577327280128,2025/10/24,13683
https://www.linkedin.com/feed/update/urn:li:activity:7402844501893132288,2025/12/5,120,,https://www.linkedin.com/feed/update/urn:li:activity:7387986808111833089,2025/10/25,13472
https://www.linkedin.com/feed/update/urn:li:activity:7391248047881555968,2025/11/3,116,,https://www.linkedin.com/feed/update/urn:li:activity:7388348969321525248,2025/10/26,11065
https://www.linkedin.com/feed/update/urn:li:activity:7403206821307510786,2025/12/6,115,,https://www.linkedin.com/feed/update/urn:li:activity:7394147030954119168,2025/11/11,11008
https://www.linkedin.com/feed/update/urn:li:activity:7391610530077106176,2025/11/4,104,,https://www.linkedin.com/feed/update/urn:li:activity:7386899610977386496,2025/10/22,10666
https://www.linkedin.com/feed/update/urn:li:activity:7385087381571428352,2025/10/17,101,,https://www.linkedin.com/feed/update/urn:li:activity:7381826174106296320,2025/10/8,10384
https://www.linkedin.com/feed/update/urn:li:activity:7387624577327280128,2025/10/24,89,,https://www.linkedin.com/feed/update/urn:li:activity:7391610530077106176,2025/11/4,9794
https://www.linkedin.com/feed/update/urn:li:activity:7380739059624824832,2025/10/5,84,,https://www.linkedin.com/feed/update/urn:li:activity:7393422340535087105,2025/11/9,8915
https://www.linkedin.com/feed/update/urn:li:activity:7386174926736695296,2025/10/20,82,,https://www.linkedin.com/feed/update/urn:li:activity:7376390117722304512,2025/9/23,8794
https://www.linkedin.com/feed/update/urn:li:activity:7399583018341998592,2025/11/26,81,,https://www.linkedin.com/feed/update/urn:li:activity:7386174926736695296,2025/10/20,8645
https://www.linkedin.com/feed/update/urn:li:activity:7381826174106296320,2025/10/8,79,,https://www.linkedin.com/feed/update/urn:li:activity:7388711668756770816,2025/10/27,8625
https://www.linkedin.com/feed/update/urn:li:activity:7385449848394915840,2025/10/18,75,,https://www.linkedin.com/feed/update/urn:li:activity:7399583018341998592,2025/11/26,7792
https://www.linkedin.com/feed/update/urn:li:activity:7380024848393297920,2025/10/3,73,,https://www.linkedin.com/feed/update/urn:li:activity:7383275581250920448,2025/10/12,7587
https://www.linkedin.com/feed/update/urn:li:activity:7401757260118691841,2025/12/2,73,,https://www.linkedin.com/feed/update/urn:li:activity:7395596594567561216,2025/11/15,7211
https://www.linkedin.com/feed/update/urn:li:activity:7403931698029162496,2025/12/8,72,,https://www.linkedin.com/feed/update/urn:li:activity:7397046302108372992,2025/11/19,7147
https://www.linkedin.com/feed/update/urn:li:activity:7394147030954119168,2025/11/11,69,,https://www.linkedin.com/feed/update/urn:li:activity:7389798631450652672,2025/10/30,6806
https://www.linkedin.com/feed/update/urn:li:activity:7392335299948867584,2025/11/6,68,,https://www.linkedin.com/feed/update/urn:li:activity:7376752515192819712,2025/9/24,6765
https://www.linkedin.com/feed/update/urn:li:activity:7401032425193168896,2025/11/30,67,,https://www.linkedin.com/feed/update/urn:li:activity:7380024848393297920,2025/10/3,6443
https://www.linkedin.com/feed/update/urn:li:activity:7392697706462404608,2025/11/7,63,,https://www.linkedin.com/feed/update/urn:li:activity:7401757260118691841,2025/12/2,6142
https://www.linkedin.com/feed/update/urn:li:activity:7396683748219547648,2025/11/18,62,,https://www.linkedin.com/feed/update/urn:li:activity:7395247293068898304,2025/11/14,6012
https://www.linkedin.com/feed/update/urn:li:activity:7405381070361157632,2025/12/12,62,,https://www.linkedin.com/feed/update/urn:li:activity:7392697706462404608,2025/11/7,5994
https://www.linkedin.com/feed/update/urn:li:activity:7390523221969842177,2025/11/1,61,,https://www.linkedin.com/feed/update/urn:li:activity:7398858162017316865,2025/11/24,5975
https://www.linkedin.com/feed/update/urn:li:activity:7398858162017316865,2025/11/24,61,,https://www.linkedin.com/feed/update/urn:li:activity:7385812204794626048,2025/10/19,5776
https://www.linkedin.com/feed/update/urn:li:activity:7384724990157312000,2025/10/16,61,,https://www.linkedin.com/feed/update/urn:li:activity:7385449848394915840,2025/10/18,5739
https://www.linkedin.com/feed/update/urn:li:activity:7390885614088458240,2025/11/2,60,,https://www.linkedin.com/feed/update/urn:li:activity:7386537100520669185,2025/10/21,5499
https://www.linkedin.com/feed/update/urn:li:activity:7378974200398655489,2025/10/1,59,,https://www.linkedin.com/feed/update/urn:li:activity:7393059962790273024,2025/11/8,5375
https://www.linkedin.com/feed/update/urn:li:activity:7383275581250920448,2025/10/12,58,,https://www.linkedin.com/feed/update/urn:li:activity:7390885614088458240,2025/11/2,5362
https://www.linkedin.com/feed/update/urn:li:activity:7386537100520669185,2025/10/21,58,,https://www.linkedin.com/feed/update/urn:li:activity:7384362609652916224,2025/10/15,5141
https://www.linkedin.com/feed/update/urn:li:activity:7395247293068898304,2025/11/14,58,,https://www.linkedin.com/feed/update/urn:li:activity:7379650575858278401,2025/10/2,5114
https://www.linkedin.com/feed/update/urn:li:activity:7389798631450652672,2025/10/30,57,,https://www.linkedin.com/feed/update/urn:li:activity:7392335299948867584,2025/11/6,5076
https://www.linkedin.com/feed/update/urn:li:activity:7381101106749370368,2025/10/6,56,,https://www.linkedin.com/feed/update/urn:li:activity:7393784846621401088,2025/11/10,4836
https://www.linkedin.com/feed/update/urn:li:activity:7393422340535087105,2025/11/9,54,,https://www.linkedin.com/feed/update/urn:li:activity:7380739059624824832,2025/10/5,4619
https://www.linkedin.com/feed/update/urn:li:activity:7393784846621401088,2025/11/10,53,,https://www.linkedin.com/feed/update/urn:li:activity:7379297476610215936,2025/10/1,4575
https://www.linkedin.com/feed/update/urn:li:activity:7405015647757230080,2025/12/11,52,,https://www.linkedin.com/feed/update/urn:li:activity:7390523221969842177,2025/11/1,4478
https://www.linkedin.com/feed/update/urn:li:activity:7408280180013588480,2025/12/20,52,,https://www.linkedin.com/feed/update/urn:li:activity:7377114991096803329,2025/9/25,3991
https://www.linkedin.com/feed/update/urn:li:activity:7407917791460323328,2025/12/19,51,,https://www.linkedin.com/feed/update/urn:li:activity:7405015647757230080,2025/12/11,3907
https://www.linkedin.com/feed/update/urn:li:activity:7401394895304990720,2025/12/1,51,,https://www.linkedin.com/feed/update/urn:li:activity:7380376311019712512,2025/10/4,3890
https://www.linkedin.com/feed/update/urn:li:activity:7376390117722304512,2025/9/23,50,,https://www.linkedin.com/feed/update/urn:li:activity:7402844501893132288,2025/12/5,3746
https://www.linkedin.com/feed/update/urn:li:activity:7379650575858278401,2025/10/2,50,,https://www.linkedin.com/feed/update/urn:li:activity:7382550647554048000,2025/10/10,3731
https://www.linkedin.com/feed/update/urn:li:activity:7393059962790273024,2025/11/8,50,,https://www.linkedin.com/feed/update/urn:li:activity:7403931698029162496,2025/12/8,3455
https://www.linkedin.com/feed/update/urn:li:activity:7388711668756770816,2025/10/27,49,,https://www.linkedin.com/feed/update/urn:li:activity:7403206821307510786,2025/12/6,3399
https://www.linkedin.com/feed/update/urn:li:activity:7403569236142710784,2025/12/7,49,,https://www.linkedin.com/feed/update/urn:li:activity:7395958980113707008,2025/11/16,3344
https://www.linkedin.com/feed/update/urn:li:activity:7404309509516587008,2025/12/10,48,,https://www.linkedin.com/feed/update/urn:li:activity:7383637814363664384,2025/10/13,3182
https://www.linkedin.com/feed/update/urn:li:activity:7384362609652916224,2025/10/15,47,,https://www.linkedin.com/feed/update/urn:li:activity:7384000177151545345,2025/10/14,3026
https://www.linkedin.com/feed/update/urn:li:activity:7397046302108372992,2025/11/19,47,,https://www.linkedin.com/feed/update/urn:li:activity:7399220594346602496,2025/11/25,2905
https://www.linkedin.com/feed/update/urn:li:activity:7402119708344569856,2025/12/3,44,,,,
