投稿番号,取得日時,データソース,備考
1,2026-01-01 16:45:02,並列実行Agent2,スクリーンショット分析により検出 (合計20件)
2,2026-01-01 16:45:02,並列実行Agent2,スクリーンショット分析により検出 (合計20件)
3,2026-01-01 16:45:02,並列実行Agent2,スクリーンショット分析により検出 (合計20件)
4,2026-01-01 16:45:02,並列実行Agent2,スクリーンショット分析により検出 (合計20件)
5,2026-01-01 16:45:02,並列実行Agent2,スクリーンショット分析により検出 (合計20件)
6,2026-01-01 16:45:02,並列実行Agent2,スクリーンショット分析により検出 (合計20件)
7,2026-01-01 16:45:02,並列実行Agent2,スクリーンショット分析により検出 (合計20件)
8,2026-01-01 16:45:02,並列実行Agent2,スクリーンショット分析により検出 (合計20件)
9,2026-01-01 16:45:02,並列実行Agent2,スクリーンショット分析により検出 (合計20件)
10,2026-01-01 16:45:02,並列実行Agent2,スクリーンショット分析により検出 (合計20件)
11,2026-01-01 16:45:02,並列実行Agent2,スクリーンショット分析により検出 (合計20件)
12,2026-01-01 16:45:02,並列実行Agent2,スクリーンショット分析により検出 (合計20件)
13,2026-01-01 16:45:02,並列実行Agent2,スクリーンショット分析により検出 (合計20件)
14,2026-01-01 16:45:02,並列実行Agent2,スクリーンショット分析により検出 (合計20件)
15,2026-01-01 16:45:02,並列実行Agent2,スクリーンショット分析により検出 (合計20件)
16,2026-01-01 16:45:02,並列実行Agent2,スクリーンショット分析により検出 (合計20件)
17,2026-01-01 16:45:02,並列実行Agent2,スクリーンショット分析により検出 (合計20件)
18,2026-01-01 16:45:02,並列実行Agent2,スクリーンショット分析により検出 (合計20件)
19,2026-01-01 16:45:02,並列実行Agent2,スクリーンショット分析により検出 (合計20件)
20,2026-01-01 16:45:02,並列実行Agent2,スクリーンショット分析により検出 (合計20件)
